,Cluster,Fail,Pass
0,0,1.8032786885245904,98.19672131147541
1,1,1.25,98.75
