,Cluster,Fail,Pass
0,0,2.2950819672131146,97.70491803278688
1,1,7.5,92.5
