,Cluster,Excluded,Fail,Pass
0,0,18.181818181818183,1.0101010101010102,80.8080808080808
1,1,13.544668587896252,2.881844380403458,83.5734870317003
