,Cluster,Excluded,Fail,Pass
0,0,2.5,96.25,1.25
1,1,5.737704918032787,93.27868852459017,0.9836065573770493
