,Cluster,Fail,Pass
0,1,89.28571428571429,10.714285714285714
