,Cluster,Fail,Pass
0,0,5.137614678899083,94.86238532110092
