,Cluster,Fail,Pass
0,0,12.5,87.5
1,1,10.819672131147541,89.18032786885246
