,Cluster,Fail,Pass
0,0,41.86471663619744,58.13528336380256
1,1,43.07692307692308,56.92307692307692
2,2,42.405063291139236,57.59493670886076
