,Cluster,Excluded,Fail
0,0,100.0,0.0
1,1,99.8360655737705,0.16393442622950818
