,Cluster,Fail,Pass
0,0,0.8264462809917356,99.17355371900827
1,1,6.209150326797386,93.79084967320262
2,2,1.910828025477707,98.08917197452229
3,3,6.153846153846154,93.84615384615384
