,Cluster,Fail,Pass
0,0,2.7868852459016393,97.21311475409836
1,1,2.5,97.5
