,Cluster,Fail,Pass
0,0,100.0,0.0
1,1,27.03488372093023,72.96511627906976
