,Cluster,Fail,Pass
0,0,0.0,100.0
1,1,0.0,100.0
2,2,0.0,100.0
3,3,0.4132231404958678,99.58677685950413
