,Cluster,Excluded,Fail,Pass
0,0,13.342696629213483,5.337078651685393,81.32022471910112
1,1,13.793103448275861,32.758620689655174,53.44827586206896
