,Cluster,Fail,Pass
0,1,85.08196721311475,14.918032786885247
