,Cluster,Fail,Pass
0,0,25.471698113207548,74.52830188679245
1,1,95.78947368421052,4.2105263157894735
