,Cluster,Fail,Pass
0,0,97.21311475409836,2.7868852459016393
1,1,96.25,3.75
