,Cluster,Fail,Pass
0,0,65.8307210031348,34.1692789968652
1,1,40.52287581699346,59.47712418300654
2,2,25.75107296137339,74.2489270386266
3,3,50.76923076923077,49.23076923076923
