,Cluster,Fail,Pass
0,0,23.217550274223033,76.78244972577697
1,1,10.126582278481013,89.87341772151899
2,2,21.53846153846154,78.46153846153847
