,Cluster,Fail,Pass
0,0,35.879629629629626,64.12037037037037
1,1,22.485207100591715,77.51479289940828
