,Cluster,Excluded,Fail,Pass
0,0,62.5,29.375,8.125
1,1,58.19672131147541,32.78688524590164,9.01639344262295
