,Cluster,Fail,Pass
0,0,0.0,100.0
1,1,1.2738853503184715,98.72611464968153
2,2,1.5384615384615385,98.46153846153847
3,3,0.30864197530864196,99.69135802469135
