,Cluster,Excluded,Fail,Pass
0,0,1.875,68.75,29.375
1,1,2.7868852459016393,69.01639344262294,28.196721311475407
