,Cluster,Fail,Pass
0,0,0.8450704225352111,99.15492957746478
1,1,0.0,100.0
2,2,2.2535211267605635,97.74647887323944
