,Cluster,Fail,Pass
0,0,18.128654970760234,81.87134502923976
1,1,42.28971962616823,57.71028037383178
