,QualityMeasure1,QualityMeasure10,QualityMeasure11,QualityMeasure12,QualityMeasure13,QualityMeasure14,QualityMeasure15,QualityMeasure15Chemo,QualityMeasure15RT,QualityMeasure15Surgery,QualityMeasure16,QualityMeasure17,QualityMeasure18,QualityMeasure19,QualityMeasure19_color,QualityMeasure2,QualityMeasure20,QualityMeasure21A,QualityMeasure21B,QualityMeasure22,QualityMeasure23,QualityMeasure24,QualityMeasure27,QualityMeasure3,QualityMeasure4,QualityMeasure5,QualityMeasure6,QualityMeasure7,QualityMeasure8A,QualityMeasure8B,QualityMeasure9
Fail,17.60299625468165,45.31835205992509,0.7490636704119851,2.247191011235955,,51.31086142322098,51.31086142322098,49.43820224719101,62.92134831460674,7.116104868913857,31.086142322097377,34.08239700374532,5.992509363295881,1.1235955056179776,,0.7490636704119851,0.7490636704119851,15.730337078651685,1.4981273408239701,100.0,94.7565543071161,64.7940074906367,,2.247191011235955,64.41947565543072,2.6217228464419478,2.247191011235955,10.486891385767791,2.6217228464419478,39.325842696629216,98.87640449438202
Pass,82.39700374531836,54.68164794007491,99.25093632958801,97.75280898876404,100.0,48.68913857677903,47.940074906367045,10.861423220973784,36.329588014981276,0.7490636704119851,68.91385767790263,65.91760299625467,82.39700374531836,54.30711610486891,,99.25093632958801,22.47191011235955,8.614232209737828,14.606741573033707,,1.1235955056179776,32.20973782771536,,64.41947565543072,11.235955056179774,97.37827715355806,97.75280898876404,89.51310861423221,97.37827715355806,8.98876404494382,1.1235955056179776
Excluded,,,,,,,0.7490636704119851,,,,,,11.610486891385769,11.235955056179774,,,1.1235955056179776,,8.239700374531834,,4.119850187265917,2.9962546816479403,100.0,,,,,,,51.68539325842697,
Green,,,,,,,,,,,,,,,3.3707865168539324,,,,,,,,,,,,,,,,
