,QualityMeasure1,QualityMeasure10,QualityMeasure11,QualityMeasure12,QualityMeasure13,QualityMeasure14,QualityMeasure15,QualityMeasure15Chemo,QualityMeasure15RT,QualityMeasure15Surgery,QualityMeasure16,QualityMeasure17,QualityMeasure18,QualityMeasure19,QualityMeasure19_color,QualityMeasure2,QualityMeasure20,QualityMeasure21A,QualityMeasure21B,QualityMeasure22,QualityMeasure23,QualityMeasure24,QualityMeasure27,QualityMeasure3,QualityMeasure4,QualityMeasure5,QualityMeasure6,QualityMeasure7,QualityMeasure8A,QualityMeasure8B,QualityMeasure9
Fail,24.581005586592177,41.340782122905026,0.5586592178770949,5.58659217877095,,50.27932960893855,60.33519553072626,57.54189944134078,75.41899441340783,6.145251396648044,32.402234636871505,36.312849162011176,10.05586592178771,3.910614525139665,,1.1173184357541899,1.675977653631285,7.82122905027933,,100.0,91.06145251396647,72.06703910614524,,3.910614525139665,73.74301675977654,3.910614525139665,1.675977653631285,14.52513966480447,3.910614525139665,28.49162011173184,96.08938547486034
Pass,75.41899441340783,58.659217877094974,99.4413407821229,94.41340782122904,100.0,49.72067039106145,39.10614525139665,15.083798882681565,24.022346368715084,,67.59776536312849,63.687150837988824,74.86033519553072,65.36312849162012,,98.88268156424581,11.1731843575419,6.145251396648044,7.82122905027933,,1.675977653631285,24.022346368715084,,74.86033519553072,11.731843575418994,96.08938547486034,98.32402234636871,85.47486033519553,96.08938547486034,9.497206703910614,3.910614525139665
Excluded,,,,,,,0.5586592178770949,,,,,,15.083798882681565,9.497206703910614,,,1.675977653631285,0.5586592178770949,6.70391061452514,,7.262569832402235,3.910614525139665,100.0,,,,,,,62.01117318435754,
Green,,,,,,,,,,,,,,,7.262569832402235,,,,,,,,,,,,,,,,
