,QualityMeasure1,QualityMeasure10,QualityMeasure11,QualityMeasure12,QualityMeasure13,QualityMeasure14,QualityMeasure15,QualityMeasure15_color,QualityMeasure16,QualityMeasure17A,QualityMeasure17B,QualityMeasure18,QualityMeasure19,QualityMeasure2,QualityMeasure24,QualityMeasure3,QualityMeasure4,QualityMeasure5,QualityMeasure6,QualityMeasure7,QualityMeasure8,QualityMeasure9
Fail,7.131782945736434,22.325581395348838,3.7209302325581395,21.240310077519382,1.550387596899225,0.7751937984496124,0.31007751937984496,,98.91472868217053,,,65.11627906976744,50.07751937984496,11.782945736434108,29.767441860465116,1.7054263565891472,19.844961240310077,33.33333333333333,94.41860465116278,0.6201550387596899,1.3953488372093024,3.7209302325581395
Pass,92.86821705426357,31.782945736434108,93.02325581395348,23.410852713178297,96.89922480620154,76.5891472868217,0.9302325581395349,,1.0852713178294573,2.0155038759689923,2.0155038759689923,34.57364341085271,48.372093023255815,86.9767441860465,8.372093023255815,42.945736434108525,34.26356589147287,66.66666666666666,5.5813953488372094,99.37984496124031,98.6046511627907,40.93023255813954
Excluded,,45.89147286821705,3.255813953488372,55.348837209302324,1.550387596899225,22.635658914728683,98.75968992248062,98.75968992248062,,97.98449612403101,97.98449612403101,0.31007751937984496,,1.2403100775193798,61.86046511627907,55.348837209302324,45.89147286821705,,,,,55.348837209302324
Green,,,,,,,,0.9302325581395349,,,,,,,,,,,,,,
Red,,,,,,,,0.31007751937984496,,,,,,,,,,,,,,
