,QualityMeasure1,QualityMeasure10,QualityMeasure11,QualityMeasure12,QualityMeasure13,QualityMeasure14,QualityMeasure15,QualityMeasure15Chemo,QualityMeasure15RT,QualityMeasure15Surgery,QualityMeasure16,QualityMeasure17,QualityMeasure18,QualityMeasure19,QualityMeasure19_color,QualityMeasure2,QualityMeasure20,QualityMeasure21A,QualityMeasure21B,QualityMeasure22,QualityMeasure23,QualityMeasure24,QualityMeasure27,QualityMeasure3,QualityMeasure4,QualityMeasure5,QualityMeasure6,QualityMeasure7,QualityMeasure8A,QualityMeasure8B,QualityMeasure9
Fail,20.37037037037037,39.81481481481482,0.30864197530864196,3.7037037037037033,0.30864197530864196,42.592592592592595,51.54320987654321,48.148148148148145,64.81481481481481,6.172839506172839,31.48148148148148,23.14814814814815,7.098765432098765,0.6172839506172839,,2.1604938271604937,0.9259259259259258,16.049382716049383,0.9259259259259258,100.0,94.75308641975309,70.67901234567901,0.30864197530864196,4.62962962962963,66.35802469135803,3.7037037037037033,1.2345679012345678,9.876543209876543,2.1604938271604937,28.08641975308642,95.98765432098766
Pass,79.62962962962963,60.18518518518518,99.69135802469135,96.29629629629629,99.69135802469135,57.407407407407405,47.53086419753087,12.037037037037036,34.25925925925926,1.2345679012345678,68.51851851851852,76.85185185185185,79.01234567901234,58.0246913580247,,97.8395061728395,18.209876543209877,5.246913580246913,10.493827160493826,,0.6172839506172839,27.77777777777778,,65.12345679012346,12.345679012345679,96.29629629629629,98.76543209876543,90.12345679012346,97.8395061728395,8.333333333333332,4.012345679012346
Excluded,,,,,,,0.9259259259259258,,,,,,13.88888888888889,11.11111111111111,,,2.1604938271604937,,9.876543209876543,,4.62962962962963,1.5432098765432098,99.69135802469135,,,,,,,63.580246913580254,
Green,,,,,,,,,,,,,,,4.938271604938271,,,,,,,,,,,,,,,,
