,Cluster,Excluded,Fail,Pass
0,0,54.78806907378336,1.726844583987441,43.4850863422292
1,1,100.0,0.0,0.0
