,Cluster,Fail,Pass
0,0,33.28100470957614,66.71899529042386
1,1,42.96875,57.03125
