,Cluster,Fail,Pass
0,0,1.2558869701726845,98.74411302982732
1,1,3.125,96.875
