,Cluster,Excluded,Fail,Pass
0,0,45.211930926216645,22.605965463108323,32.18210361067504
1,1,100.0,0.0,0.0
