,Cluster,Fail,Pass
0,0,0.6279434850863422,99.37205651491365
1,1,0.0,100.0
