,Cluster,Excluded,Fail,Pass
0,0,100.0,0.0,0.0
1,1,45.211930926216645,20.09419152276295,34.69387755102041
