,Cluster,Excluded,Pass
0,0,97.95918367346938,2.0408163265306123
1,1,100.0,0.0
