,Cluster,Excluded,Fail,Pass
0,0,21.540880503144656,0.7861635220125787,77.67295597484278
1,1,100.0,0.0,0.0
