,Cluster,Excluded,Fail,Pass
0,0,100.0,0.0,0.0
1,1,1.8867924528301887,3.7735849056603774,94.33962264150944
