,Cluster,Fail,Pass
0,0,7.221350078492936,92.77864992150707
1,1,10.15625,89.84375
