,Cluster,Excluded,Fail,Pass
0,0,0.0,55.46875,44.53125
1,1,0.3139717425431711,65.62009419152275,34.065934065934066
