,Cluster,Excluded,Fail,Pass
0,0,54.78806907378336,3.767660910518053,41.444270015698585
1,1,100.0,0.0,0.0
