,Cluster,Excluded,Fail,Pass
0,0,1.5698587127158554,1.5698587127158554,96.86028257456829
1,1,0.0,0.78125,99.21875
