,Cluster,Excluded,Fail,Pass
0,0,54.78806907378336,21.50706436420722,23.704866562009418
1,1,100.0,0.0,0.0
