,Cluster,Excluded,Green,Red,Yellow
0,0,100.0,0.0,0.0,0.0
1,1,9.375,79.6875,8.59375,2.34375
