,Cluster,Fail,Pass
0,0,94.34850863422291,5.651491365777081
1,1,96.875,3.125
