,Cluster,Excluded,Fail,Pass
0,0,0.0,11.930926216640502,88.0690737833595
1,1,100.0,0.0,0.0
