,Cluster,Fail,Pass
0,0,99.21875,0.78125
1,1,98.9010989010989,1.098901098901099
