,Cluster,Fail,Pass
0,0,50.558213716108455,49.441786283891545
1,1,53.96825396825397,46.03174603174603
