,Cluster,Excluded,Fail,Pass
0,0,61.69544740973313,29.984301412872842,8.320251177394034
1,1,75.0,16.40625,8.59375
