,Cluster,Excluded,Fail,Pass
0,0,100.0,0.0,0.0
1,1,9.375,8.59375,82.03125
